{"cameraMode":{"drawMode":0,"name":"Shaded","section":"Shading Mode"},"sceneLighting":false,"audioPlay":false,"sceneViewState":{"showFog":false,"showMaterialUpdate":false,"showSkybox":false,"showFlares":false,"showImageEffects":false,"showParticleSystems":false},"in2DMode":false,"pivot":{"x":1.9552874565124512,"y":0.600147008895874,"z":-0.4410731792449951},"rotation":{"x":-0.2690259516239166,"y":-0.12610851228237153,"z":0.03555629029870033,"w":-0.9541847705841065},"size":1.280726432800293,"orthographic":false}